<?xml version="1.0" encoding="UTF-8" ?>
<configuration>
    <springProperty scope="context"
                    name="application_name"
                    source="spring.application.name"/>

    <appender name="console_logs"
              class="ch.qos.logback.core.ConsoleAppender">
        <encoder>
            <pattern>%d{HH:mm:ss.SSS} [%thread] %-5level %logger{36} - %msg%n</pattern>
        </encoder>
    </appender>

    <appender name="logstash_logs"
              class="net.logstash.logback.appender.LogstashTcpSocketAppender">
        <destination>localhost:5044</destination>
        <encoder class="net.logstash.logback.encoder.LogstashEncoder" />
    </appender>

    <root level="info">
        <appender-ref ref="console_logs" />
        <appender-ref ref="logstash_logs" />
    </root>

</configuration>